Customer Name,Mobile Number
Mr. Ishara Prasan Malaka,+94771687663
Mr. Mohammed  Shanas,+94778307484
Mr. SUNIL JAYAWARDENA,+94716842345
Mr. Katukoliha Gamage Yajitha Viraj,+94768418800
Ms. Ruchira  Rasingolla,+94773106900
Mr. LAHIRU SAMPATH,+94762988252
Mr. Pasindu  chathuranga,+94769099474
Mr. kapilanga rathnapriya,+94742959477
Mr. Harshana Shampath,+94715897486
Ms. Susinika  Danushki,+94743464854
Ms. Anushka Priyadarshani,+94776325756
Mr. Anil prasanna,+94776957731
Mr. Thuraisingam Thanuraj,+94770268822
Mr. Nuwan Hemantha,+94716063507
Mr. Waruna Jayawardana,+94774566387